{"accuracy": [0.5496407747268677, 0.8336724042892456, 0.8995234370231628, 0.9271640777587891, 0.9467529654502869, 0.9587453007698059, 0.9640514850616455, 0.970879852771759, 0.9741233587265015, 0.9780212044715881], "loss": [1.540294885635376, 0.5260496139526367, 0.31723105907440186, 0.22378452122211456, 0.16121217608451843, 0.1298014372587204, 0.10947231948375702, 0.08931419998407364, 0.078011155128479, 0.06704561412334442], "val_accuracy": [0.8178920745849609, 0.8907352685928345, 0.9152629375457764, 0.9288641214370728, 0.9528796076774597, 0.9556680917739868, 0.9595947861671448, 0.9613589644432068, 0.9660823941230774, 0.967391312122345], "val_loss": [0.5746914148330688, 0.34057745337486267, 0.2562541663646698, 0.2094021439552307, 0.14251403510570526, 0.1392800658941269, 0.12752163410186768, 0.11990505456924438, 0.10906673222780228, 0.10742349177598953]}